1,monochrome_elephant,2021-03-22,269999999,7500,650,https://static.wikia.nocookie.net/hypixel-skyblock/images/b/bb/Monochrome_Elephant_Skin.gif/revision/latest?cb=20210910015416,
2,candy_slime_spirit,2024-11-16,72999000,3500,600,https://static.wikia.nocookie.net/hypixel-skyblock/images/3/39/Candy_Slime_Spirit_Skin.png/revision/latest?cb=20241114171250,
3,fairy_slime_spirit,2024-11-16,108900000,3500,600,https://static.wikia.nocookie.net/hypixel-skyblock/images/0/0b/Fairy_Slime_Spirit_Skin.png/revision/latest?cb=20241114171218,
4,mummy_jerry,2024-11-02,45699000,7500,950,https://static.wikia.nocookie.net/hypixel-skyblock/images/8/86/Mummy_Jerry_Skin.png/revision/latest?cb=20241031171548,
5,lava_dye,2024-10-26,24500000,60000,375,https://static.wikia.nocookie.net/hypixel-skyblock/images/6/6e/Lava_Dye.png/revision/latest?cb=20241024201727,
6,fenrir_wolf,2024-10-19,79000000,7500,1350,https://static.wikia.nocookie.net/hypixel-skyblock/images/4/4d/Fenrir_Wolf_Skin.png/revision/latest?cb=20241017181658,
7,loafed_black_cat,2024-10-05,35000000,7500,650,https://static.wikia.nocookie.net/hypixel-skyblock/images/7/7c/Loafed_Black_Cat_Skin.png/revision/latest?cb=20241003165217,
8,loafed_tiger,2024-10-05,36000000,7500,650,https://static.wikia.nocookie.net/hypixel-skyblock/images/4/45/Loafed_Tiger_Skin.png/revision/latest?cb=20241003165254,
9,amaron_armadillo,2024-10-02,0,10000,1350,https://static.wikia.nocookie.net/hypixel-skyblock/images/0/08/Armaron_Armadillo_Skin.png/revision/latest?cb=20240926162715,
10,blizzard_bal,2024-09-21,35000000,10000,1350,https://static.wikia.nocookie.net/hypixel-skyblock/images/c/c5/Blizzard_Bal_Skin.png/revision/latest?cb=20240919182950,
11,pastel_sky_dye,2024-09-07,50000000,60000,375,https://static.wikia.nocookie.net/hypixel-skyblock/images/1/17/Pastel_Sky_Dye.png/revision/latest?cb=20240906053047,
12,white_lion,2024-08-31,63899000,6500,650,https://static.wikia.nocookie.net/hypixel-skyblock/images/a/ab/White_Lion_Skin.png/revision/latest?cb=20240829204541,
13,black_lion,2024-08-31,70000000,6500,650,https://static.wikia.nocookie.net/hypixel-skyblock/images/8/8b/Black_Lion_Skin.png/revision/latest?cb=20240829204640,
14,moonbloom_mooshroom_cow,2024-08-24,89990000,7500,950,https://static.wikia.nocookie.net/hypixel-skyblock/images/6/66/Moonbloom_Mooshroom_Cow_Skin.png/revision/latest?cb=20240822181115,
15,great_shark_magma_lord,2024-08-10,150000000,17500,1800,https://static.wikia.nocookie.net/hypixel-skyblock/images/1/17/Great_Shark_Magma_Lord_Skin.png/revision/latest?cb=20240808173617,
16,hermit_baked_beans_ammonite,2024-08-03,69399000,2500,650,https://static.wikia.nocookie.net/hypixel-skyblock/images/9/98/Hermit_Baked_Beans_Ammonite_Skin.png/revision/latest?cb=20240802170444,
17,hermit_paua_shell_ammonite,2024-08-03,99999000,2500,650,https://static.wikia.nocookie.net/hypixel-skyblock/images/d/dd/Hermit_Paua_Shell_Ammonite_Skin.png/revision/latest?cb=20240802170940,
18,hermit_sand_castle_ammonite,2024-08-03,66999000,2500,650,https://static.wikia.nocookie.net/hypixel-skyblock/images/6/60/Hermit_Sand_Castle_Ammonite_Skin.png/revision/latest?cb=20240802171144,
19,hermit_beach_ball_ammonite,2024-08-03,57500000,2500,650,https://static.wikia.nocookie.net/hypixel-skyblock/images/9/9e/Hermit_Beach_Ball_Ammonite_Skin.png/revision/latest?cb=20240802171301,
20,hermit_graphite_ammonite,2024-08-03,59999000,2500,650,https://static.wikia.nocookie.net/hypixel-skyblock/images/7/70/Hermit_Graphite_Ammonite_Skin.png/revision/latest?cb=20240802171430,
21,midnight_dolphin,2024-07-27,43000000,10000,1350,https://static.wikia.nocookie.net/hypixel-skyblock/images/5/52/Midnight_Dolphin_Skin.png/revision/latest?cb=20240725174853,
22,portal_dye,2024-07-13,44000000,60000,375,https://static.wikia.nocookie.net/hypixel-skyblock/images/8/88/Portal_Dye.png/revision/latest?cb=20240710210305,
23,sand_castle_barn,2024-07-06,38000000,6000,950,https://static.wikia.nocookie.net/hypixel-skyblock/images/2/23/Sand_Castle_Barn_Skin.png/revision/latest?cb=20240627134657,
24,harlequin_flying_fish,2024-06-29,74000000,7500,1350,https://static.wikia.nocookie.net/hypixel-skyblock/images/1/1e/Harlequin_Flying_Fish_Skin.png/revision/latest?cb=20240628000914,
25,panda_spirit,2024-06-15,194900000,7500,950,https://static.wikia.nocookie.net/hypixel-skyblock/images/f/f5/Panda_Spirit_Skin.png/revision/latest?cb=20240613160733,
26,chromari_squid,2024-06-08,139000000,8500,1350,https://static.wikia.nocookie.net/hypixel-skyblock/images/8/8a/Chromari_Squid_Skin.png/revision/latest?cb=20240606213410,
27,frost_knight,2024-06-01,66000000,4000,650,https://static.wikia.nocookie.net/hypixel-skyblock/images/9/91/Frost_Knight_Skin.png/revision/latest?cb=20240530165956,
28,sandstorm_cat,2024-06-01,30000000,4000,650,https://static.wikia.nocookie.net/hypixel-skyblock/images/7/76/Sandstorm_Cat_Skin.png/revision/latest?cb=20240530170034,
29,real_grandma_wolf,2024-05-18,84680000,5000,650,https://static.wikia.nocookie.net/hypixel-skyblock/images/0/0b/Real_Grandma_Wolf_Skin.png/revision/latest?cb=20240518001147,
30,rose_dye,2024-05-18,43000000,40000,375,https://static.wikia.nocookie.net/hypixel-skyblock/images/6/6f/Rose_Dye.png/revision/latest?cb=20240214203725,
31,cavern_glacite_golem,2024-04-27,150000000,4000,1350,https://static.wikia.nocookie.net/hypixel-skyblock/images/8/88/Cavern_Glacite_Golem_Skin.png/revision/latest?cb=20240425184901,
32,end_golem,2024-04-20,0,4000,650,https://static.wikia.nocookie.net/hypixel-skyblock/images/a/ad/End_Golem_Skin.png/revision/latest?cb=20240419182248,
33,miner_mole,2024-04-20,0,4000,650,https://static.wikia.nocookie.net/hypixel-skyblock/images/3/34/Miner_Mole_Skin.png/revision/latest?cb=20240419182350,
34,harvester_helmet,2024-04-06,0,15000,1800,https://static.wikia.nocookie.net/hypixel-skyblock/images/0/0a/Harvester_Helmet_Skin.png/revision/latest?cb=20240406000440,
35,choco_magma_cube,2024-03-30,0,5000,1350,https://static.wikia.nocookie.net/hypixel-skyblock/images/c/c9/Choco_Magma_Cube_Skin.png/revision/latest?cb=20240328202244,
36,plushie_rabbit,2024-03-30,0,2000,650,https://static.wikia.nocookie.net/hypixel-skyblock/images/e/e3/Plushie_Rabbit_Skin.png/revision/latest?cb=20240328202225,
37,black_widow_spider,2024-03-23,0,2000,650,https://static.wikia.nocookie.net/hypixel-skyblock/images/d/d2/Black_Widow_Spider_Skin.png/revision/latest?cb=20240321184508,
38,peacock_spider,2024-03-23,0,2000,650,https://static.wikia.nocookie.net/hypixel-skyblock/images/1/16/Peacock_Spider_Skin.png/revision/latest?cb=20240322020539,
39,pink_tarantula,2024-03-23,0,2000,650,https://static.wikia.nocookie.net/hypixel-skyblock/images/0/00/Pink_Tarantula_Skin.png/revision/latest?cb=20240321184728,
40,greenbottle_tarantula,2024-03-23,0,2000,650,https://static.wikia.nocookie.net/hypixel-skyblock/images/c/c9/Greenbottle_Tarantula_Skin.png/revision/latest?cb=20240321184823,
41,lucky_dye,2024-03-16,0,40000,375,https://static.wikia.nocookie.net/hypixel-skyblock/images/e/e8/Lucky_Dye.png/revision/latest?cb=20240314210856,
42,leprechaun_jerry,2024-03-16,0,1500,650,https://static.wikia.nocookie.net/hypixel-skyblock/images/8/8e/Leprechaun_Jerry_Skin.png/revision/latest?cb=20240314210731,
43,the_end_barn,2024-03-09,0,6000,950,https://static.wikia.nocookie.net/hypixel-skyblock/images/0/06/End_Stone.png/revision/latest?cb=20210615212604,
44,hive_bee,2024-02-24,0,1500,650,https://static.wikia.nocookie.net/hypixel-skyblock/images/8/87/Hive_Bee_Skin.png/revision/latest?cb=20240222222939,
45,great_gats_bee,2024-02-24,0,1500,650,https://static.wikia.nocookie.net/hypixel-skyblock/images/1/15/Great_Gats_Bee_Skin.png/revision/latest?cb=20240222223207,
46,usbee_bee,2024-02-24,0,1500,650,https://static.wikia.nocookie.net/hypixel-skyblock/images/d/d9/USBee_Bee_Skin.png/revision/latest?cb=20240222223353,
47,beeloved_bee,2024-02-24,0,1500,650,https://static.wikia.nocookie.net/hypixel-skyblock/images/b/b3/BeeLoved_Bee_Skin.png/revision/latest?cb=20240222223521,
48,honey_bee,2024-02-24,0,1500,650,https://static.wikia.nocookie.net/hypixel-skyblock/images/b/ba/Honey_Bee_Skin.png/revision/latest?cb=20240222223612,
49,beedazzled_bee,2024-02-24,0,1500,650,https://static.wikia.nocookie.net/hypixel-skyblock/images/2/29/BeeDazzled_Bee_Skin.png/revision/latest?cb=20240222223830,
50,spelling_bee,2024-02-24,0,1500,650,https://static.wikia.nocookie.net/hypixel-skyblock/images/1/11/Spelling_Bee_Skin.png/revision/latest?cb=20240222224133,
51,rugbee_bee,2024-02-24,0,1500,650,https://static.wikia.nocookie.net/hypixel-skyblock/images/0/02/RugBee_Bee_Skin.png/revision/latest?cb=20240222224229,
52,wasabee_bee,2024-02-24,0,1500,650,https://static.wikia.nocookie.net/hypixel-skyblock/images/8/89/WasaBee_Bee_Skin.png/revision/latest?cb=20240222224403,
53,wanna_bee,2024-02-24,175000000,1500,650,https://static.wikia.nocookie.net/hypixel-skyblock/images/f/f9/Wanna_Bee_Skin.png/revision/latest?cb=20240222224528,
54,ancient_golden_dragon,2024-02-10,330000000,15000,1800,https://static.wikia.nocookie.net/hypixel-skyblock/images/2/23/Ancient_Golden_Dragon_Skin.png/revision/latest?cb=20240208194025,
55,genie,2024-02-03,249999999,10000,650,https://static.wikia.nocookie.net/hypixel-skyblock/images/d/d8/Genie_Skin.png/revision/latest?cb=20240201194502,
56,thief,2024-02-03,145000000,10000,650,https://static.wikia.nocookie.net/hypixel-skyblock/images/9/94/Thief_Skin.png/revision/latest?cb=20240201194554,
57,baby,2024-02-03,3600000,10000,650,https://static.wikia.nocookie.net/hypixel-skyblock/images/5/5b/Baby_Skin.png/revision/latest?cb=20240201194704,
58,diamond,2024-02-03,0,10000,650,https://static.wikia.nocookie.net/hypixel-skyblock/images/7/76/Diamond_Skin.png/revision/latest?cb=20240201194828,
59,golden,2024-02-03,638000000,10000,650,https://static.wikia.nocookie.net/hypixel-skyblock/images/3/34/Golden_Skin.png/revision/latest?cb=20240201194938,
60,warden_dye,2024-01-27,172999999,40000,375,https://static.wikia.nocookie.net/hypixel-skyblock/images/7/70/Warden_Dye.png/revision/latest?cb=20240125190756,
61,copper_mithril_golem,2024-01-20,185000000,5000,1350,https://static.wikia.nocookie.net/hypixel-skyblock/images/e/ef/Copper_Mithril_Golem_Skin.png/revision/latest?cb=20240119060941,
62,cherry_blossom_mithril_golem,2024-01-20,174000000,5000,1350,https://static.wikia.nocookie.net/hypixel-skyblock/images/4/40/Cherry_Blossom_Mithril_Golem_Skin.png/revision/latest?cb=20240119061034,
63,crystal_mithril_golem,2024-01-20,119000000,5000,1350,https://static.wikia.nocookie.net/hypixel-skyblock/images/0/07/Crystal_Mithril_Golem_Skin.png/revision/latest?cb=20240119061137,
64,jungle_ocelot,2024-01-13,312500000,2000,650,https://static.wikia.nocookie.net/hypixel-skyblock/images/0/0d/Jungle_Ocelot_Skin.png/revision/latest?cb=20240112143224,
65,astronaut_monkey,2024-01-13,239000000,2000,650,https://static.wikia.nocookie.net/hypixel-skyblock/images/5/5c/Astronaut_Monkey_Skin.png/revision/latest?cb=20240112143410,
66,safari_giraffe,2024-01-13,124999000,2000,650,https://static.wikia.nocookie.net/hypixel-skyblock/images/e/ea/Safari_Giraffe_Skin.png/revision/latest?cb=20240112143544,
67,see_hear_speak_monkey,2024-01-13,0,2000,650,https://static.wikia.nocookie.net/hypixel-skyblock/images/7/7b/See%2C_Hear%2C_Speak_Monkey_Skin.png/revision/latest?cb=20240112143748,
68,pink_plushie_elephant,2024-01-06,674000000,1500,650,https://static.wikia.nocookie.net/hypixel-skyblock/images/8/83/Pink_Plushie_Elephant_Skin.png/revision/latest?cb=20240104185823,
69,cosmic_elephant,2024-01-06,250000000,1500,650,https://static.wikia.nocookie.net/hypixel-skyblock/images/d/d2/Cosmic_Elephant_Skin.png/revision/latest?cb=20240104185926,
70,blue_plushie_elephant,2024-01-06,245000000,1500,650,https://static.wikia.nocookie.net/hypixel-skyblock/images/f/fd/Blue_Plushie_Elephant_Skin.png/revision/latest?cb=20240104190154,
71,gray_plushie_elephant,2024-01-06,174000000,1500,650,https://static.wikia.nocookie.net/hypixel-skyblock/images/e/e5/Gray_Plushie_Elephant_Skin.png/revision/latest?cb=20240104190253,
72,black_plushie_elephant,2024-01-06,192000000,1500,650,https://static.wikia.nocookie.net/hypixel-skyblock/images/8/85/Black_Plushie_Elephant_Skin.png/revision/latest?cb=20240104190353,
73,frozen_blaze,2021-12-24,0,10000,1350,https://static.wikia.nocookie.net/hypixel-skyblock/images/6/6f/Frozen_Blaze_Skin.png/revision/latest?cb=20221004094113,
74,snow_tiger_ocelot,2021-12-14,278000000,7000,650,https://static.wikia.nocookie.net/hypixel-skyblock/images/a/af/Snow_Tiger_Ocelot_Skin.png/revision/latest?cb=20221004110707,
75,ice_phoenix,2021-11-25,220000000,5000,650,https://static.wikia.nocookie.net/hypixel-skyblock/images/b/b6/Ice_Phoenix_Skin.png/revision/latest?cb=20221004100329,
76,vampire_bat,2021-10-31,200000000,5000,1350,https://static.wikia.nocookie.net/hypixel-skyblock/images/b/bc/Vampire_Bat_Skin.gif/revision/latest?cb=20211030232013,
77,gold_macaw_parrot,2021-10-20,205000000,5000,650,https://static.wikia.nocookie.net/hypixel-skyblock/images/5/5c/Gold_Macaw_Parrot_Skin.png/revision/latest?cb=20221004095154,
78,saber_tooth_tiger,2021-09-28,124990000,7000,650,https://static.wikia.nocookie.net/hypixel-skyblock/images/5/5d/Saber-Tooth_Tiger_Skin.png/revision/latest?cb=20221004105518,
79,glow_squid,2021-09-14,289000000,5000,1350,https://static.wikia.nocookie.net/hypixel-skyblock/images/1/1f/Glow_Squid_Skin.gif/revision/latest?cb=20210916012323,
80,beagle_hound,2021-08-24,169000000,5000,650,https://static.wikia.nocookie.net/hypixel-skyblock/images/0/09/Beagle_Hound_Skin.png/revision/latest?cb=20221004085120,
81,dark_wolf,2021-08-10,369000000,5000,650,https://static.wikia.nocookie.net/hypixel-skyblock/images/1/13/Dark_Wolf_Skin.png/revision/latest?cb=20221004092140,
82,shimmer_holy,2021-07-21,0,2000,1350,https://static.wikia.nocookie.net/hypixel-skyblock/images/5/52/Shimmer_Skin_%28Holy%29.png/revision/latest?cb=20221004110035,
83,shimmer_strong,2021-07-21,0,2000,1350,https://static.wikia.nocookie.net/hypixel-skyblock/images/a/aa/Shimmer_Skin_%28Strong%29.png/revision/latest?cb=20221004110050,
84,shimmer_protector,2021-07-21,0,2000,1350,https://static.wikia.nocookie.net/hypixel-skyblock/images/c/cb/Shimmer_Skin_%28Protector%29.png/revision/latest?cb=20221004110046,
85,shimmer_old,2021-07-21,0,2000,1350,https://static.wikia.nocookie.net/hypixel-skyblock/images/4/42/Shimmer_Skin_%28Old%29.png/revision/latest?cb=20221004110041,
86,shimmer_wise,2021-07-21,0,2000,1350,https://static.wikia.nocookie.net/hypixel-skyblock/images/9/9d/Shimmer_Skin_%28Wise%29.gif/revision/latest?cb=20230501123207,
87,shimmer_young,2021-07-21,0,2000,1350,https://static.wikia.nocookie.net/hypixel-skyblock/images/f/f0/Shimmer_Skin_%28Young%29.png/revision/latest?cb=20221004110107,
88,shimmer_unstable,2021-07-21,0,2000,1350,https://static.wikia.nocookie.net/hypixel-skyblock/images/a/aa/Shimmer_Skin_%28Unstable%29.png/revision/latest?cb=20221004110055,
89,pastel_ender_dragon,2021-06-30,0,7500,950,https://static.wikia.nocookie.net/hypixel-skyblock/images/5/5b/Pastel_Ender_Dragon_Skin.png/revision/latest?cb=20210701011053,
90,radiant_endermite,2021-06-02,0,5000,1350,https://static.wikia.nocookie.net/hypixel-skyblock/images/1/19/Radiant_Endermite_Skin.png/revision/latest?cb=20210602043633,
91,gorilla_monkey,2021-05-13,0,10000,1350,https://static.wikia.nocookie.net/hypixel-skyblock/images/e/ec/Gorilla_Monkey_Skin.png/revision/latest?cb=20210512054936,
92,ivory_black_cat,2021-04-27,0,10000,650,https://static.wikia.nocookie.net/hypixel-skyblock/images/4/4d/Ivory_Black_Cat_Skin.png/revision/latest?cb=20210429164637,
93,onyx_black_cat,2021-04-27,0,10000,650,https://static.wikia.nocookie.net/hypixel-skyblock/images/8/84/Onyx_Black_Cat_Skin.png/revision/latest?cb=20210429164640,
94,aquamarine_rabbit,2021-04-14,0,4586,650,https://static.wikia.nocookie.net/hypixel-skyblock/images/3/36/Aquamarine_Rabbit_Skin.png/revision/latest?cb=20210417214539,
95,rose_rabbit,2021-04-14,0,3772,650,https://static.wikia.nocookie.net/hypixel-skyblock/images/1/13/Rose_Rabbit_Skin.png/revision/latest?cb=20210417214557,
96,baby_chick_chicken,2021-04-05,0,3474,650,https://static.wikia.nocookie.net/hypixel-skyblock/images/9/9d/Baby_Chick_Chicken_Skin.png/revision/latest?cb=20210405232148,
97,blue_egged,2021-04-05,0,2275,650,https://static.wikia.nocookie.net/hypixel-skyblock/images/3/3d/Blue_Egged_Skin.png/revision/latest?cb=20210405232753,
98,green_egged,2021-04-05,0,1402,650,https://static.wikia.nocookie.net/hypixel-skyblock/images/1/13/Green_Egged_Skin.png/revision/latest?cb=20210405232813,
99,purple_egged,2021-04-05,0,1659,650,https://static.wikia.nocookie.net/hypixel-skyblock/images/5/5e/Purple_Egged_Skin.png/revision/latest?cb=20210405232832,
100,admiral,2021-03-30,0,4494,650,https://static.wikia.nocookie.net/hypixel-skyblock/images/2/29/Admiral_Skin.png/revision/latest?cb=20210329214815,
101,mauve,2021-03-30,0,4340,650,https://static.wikia.nocookie.net/hypixel-skyblock/images/7/79/Mauve_Skin.png/revision/latest?cb=20210329214840,
102,crimson,2021-03-30,0,4633,650,https://static.wikia.nocookie.net/hypixel-skyblock/images/a/aa/Crimson_Skin.png/revision/latest?cb=20210329214903,
103,orca_blue_whale,2021-03-09,0,5000,650,https://static.wikia.nocookie.net/hypixel-skyblock/images/b/b1/Orca_Blue_Whale_Skin.png/revision/latest?cb=20210308063007,
104,enderpack,2021-02-24,0,5000,650,https://static.wikia.nocookie.net/hypixel-skyblock/images/9/9c/Enderpack_Skin.png/revision/latest?cb=20210222022704,
105,red_elephant,2021-02-13,0,1000,650,https://static.wikia.nocookie.net/hypixel-skyblock/images/8/83/Red_Elephant_Skin.png/revision/latest?cb=20210216012034,
106,green_elephant,2021-02-13,0,1000,650,https://static.wikia.nocookie.net/hypixel-skyblock/images/2/26/Green_Elephant_Skin.png/revision/latest?cb=20210216012017,
107,purple_elephant,2021-02-13,0,1000,650,https://static.wikia.nocookie.net/hypixel-skyblock/images/b/b4/Purple_Elephant_Skin.png/revision/latest?cb=20210216012212,
108,neon_blue_ender_dragon,2021-02-08,0,2500,950,https://static.wikia.nocookie.net/hypixel-skyblock/images/6/62/Neon_Blue_Ender_Dragon_Skin.png/revision/latest?cb=20210209024456,
109,neon_purple_ender_dragon,2021-02-08,900000000,2500,950,https://static.wikia.nocookie.net/hypixel-skyblock/images/7/71/Neon_Purple_Ender_Dragon_Skin.png/revision/latest?cb=20210209024506,
110,neon_red_ender_dragon,2021-02-08,1350000000,2500,950,https://static.wikia.nocookie.net/hypixel-skyblock/images/3/32/Neon_Red_Ender_Dragon_Skin.png/revision/latest?cb=20210209024534,
111,zombie_skeleton_horse,2021-01-28,0,4000,650,https://static.wikia.nocookie.net/hypixel-skyblock/images/2/2a/Zombie_Skeleton_Horse_Skin.png/revision/latest?cb=20210128211913,
112,fossilized_silverfish,2021-01-22,380000000,5000,650,https://static.wikia.nocookie.net/hypixel-skyblock/images/0/0d/Fossilized_Silverfish_Skin.png/revision/latest?cb=20210122225844,
113,golden_monkey,2021-01-13,2550000000,2000,750,https://static.wikia.nocookie.net/hypixel-skyblock/images/8/82/Golden_Monkey_Skin.png/revision/latest?cb=20210113051258,
114,neon_yellow_sheep,2021-01-05,0,500,650,https://static.wikia.nocookie.net/hypixel-skyblock/images/b/b4/Neon_Yellow_Sheep_Skin.png/revision/latest?cb=20210105180317,
115,neon_red_sheep,2021-01-05,0,500,650,https://static.wikia.nocookie.net/hypixel-skyblock/images/4/4e/Neon_Red_Sheep_Skin.png/revision/latest?cb=20210105180331,
116,neon_blue_sheep,2021-01-05,0,500,650,https://static.wikia.nocookie.net/hypixel-skyblock/images/4/48/Neon_Blue_Sheep_Skin.png/revision/latest?cb=20210105180217,
117,neon_green_sheep,2021-01-05,13333000000,500,650,https://static.wikia.nocookie.net/hypixel-skyblock/images/8/89/Neon_Green_Sheep_Skin.png/revision/latest?cb=20210105180300,
118,snowglobe,2020-12-25,0,1000,650,https://static.wikia.nocookie.net/hypixel-skyblock/images/a/a3/Plushie_Snowman_Skin.png/revision/latest?cb=20231228224549,
119,red_elf_jerry,2020-12-25,15000000000,500,650,https://static.wikia.nocookie.net/hypixel-skyblock/images/4/4c/Red_Elf_Jerry_Skin.png/revision/latest?cb=20201224145347,
120,green_elf_jerry,2020-12-25,12500000000,500,650,https://static.wikia.nocookie.net/hypixel-skyblock/images/1/13/Green_Elf_Jerry_Skin.png/revision/latest?cb=20201224145347,
121,grown_up_baby_yeti,2020-12-15,0,1500,650,https://static.wikia.nocookie.net/hypixel-skyblock/images/8/82/Grown-up_Baby_Yeti_Skin.png/revision/latest?cb=20201215023540,
122,pink_elephant,2020-12-05,0,500,650,https://static.wikia.nocookie.net/hypixel-skyblock/images/f/f7/Pink_Elephant_Skin.png/revision/latest?cb=20201205012057,
123,blue_elephant,2020-12-05,0,500,650,https://static.wikia.nocookie.net/hypixel-skyblock/images/d/d7/Blue_Elephant_Skin.png/revision/latest?cb=20201205012058,
124,orange_elephant,2020-12-05,8500000000,500,650,https://static.wikia.nocookie.net/hypixel-skyblock/images/c/c5/Orange_Elephant_Skin.png/revision/latest?cb=20201205012100,
125,shimmer_superior,2020-11-27,0,2500,1500,https://static.wikia.nocookie.net/hypixel-skyblock/images/0/0e/Shimmer_Skin_%28Superior%29.png/revision/latest?cb=20201127103947,
126,fortified_silverfish,2020-11-22,0,2000,650,https://static.wikia.nocookie.net/hypixel-skyblock/images/a/ad/Fortified_Silverfish_Skin.png/revision/latest?cb=20201121165957,
127,dark_wither_skeleton,2020-11-15,0,1500,650,https://static.wikia.nocookie.net/hypixel-skyblock/images/1/11/Dark_Wither_Skeleton_Skin.png/revision/latest?cb=20201118184028,
128,pink_sheep,2020-11-07,0,250,650,https://static.wikia.nocookie.net/hypixel-skyblock/images/6/6f/Pink_Sheep_Skin.png/revision/latest?cb=20201107050157,
129,black_sheep,2020-11-07,0,250,650,https://static.wikia.nocookie.net/hypixel-skyblock/images/6/64/Black_Sheep_Skin.png/revision/latest?cb=20201107050158,
130,light_green_sheep,2020-11-07,0,250,650,https://static.wikia.nocookie.net/hypixel-skyblock/images/b/b4/Light_Green_Sheep_Skin.png/revision/latest?cb=20201107050159,
131,light_blue_sheep,2020-11-07,0,250,650,https://static.wikia.nocookie.net/hypixel-skyblock/images/b/b5/Light_Blue_Sheep_Skin.png/revision/latest?cb=20201107050200,
132,white_sheep,2020-11-07,0,250,650,https://static.wikia.nocookie.net/hypixel-skyblock/images/0/0c/White_Sheep_Skin.png/revision/latest?cb=20201107050201,
133,purple_sheep,2020-11-07,0,250,650,https://static.wikia.nocookie.net/hypixel-skyblock/images/c/ce/Purple_Sheep_Skin.png/revision/latest?cb=20201107050202,
134,baby_wise,2020-11-01,0,500,500,https://static.wikia.nocookie.net/hypixel-skyblock/images/9/9d/Shimmer_Skin_%28Wise%29.gif/revision/latest?cb=20230501123207,
135,baby_young,2020-11-01,0,500,650,https://static.wikia.nocookie.net/hypixel-skyblock/images/f/f0/Shimmer_Skin_%28Young%29.png/revision/latest?cb=20221004110107,
136,baby_unstable,2020-11-01,0,400,650,https://static.wikia.nocookie.net/hypixel-skyblock/images/a/aa/Shimmer_Skin_%28Unstable%29.png/revision/latest?cb=20221004110055,
137,baby_protector,2020-10-27,0,400,400,https://static.wikia.nocookie.net/hypixel-skyblock/images/c/cb/Shimmer_Skin_%28Protector%29.png/revision/latest?cb=20221004110046,
138,baby_strong,2020-10-27,0,500,650,https://static.wikia.nocookie.net/hypixel-skyblock/images/a/aa/Shimmer_Skin_%28Strong%29.png/revision/latest?cb=20221004110050,
139,baby_holy,2020-10-27,0,400,650,https://static.wikia.nocookie.net/hypixel-skyblock/images/5/52/Shimmer_Skin_%28Holy%29.png/revision/latest?cb=20221004110035,
140,baby_old,2020-10-27,0,400,650,https://static.wikia.nocookie.net/hypixel-skyblock/images/4/42/Shimmer_Skin_%28Old%29.png/revision/latest?cb=20221004110041,
141,black_widow,2020-10-23,0,1500,650,https://static.wikia.nocookie.net/hypixel-skyblock/images/2/23/Black_Widow_Skin.png/revision/latest?cb=20201023091317,
142,twilight_tiger,2020-10-20,0,1000,1350,https://static.wikia.nocookie.net/hypixel-skyblock/images/d/df/Twilight_Tiger_Skin.gif/revision/latest?cb=20230501115728,
143,icicle,2020-10-10,0,1500,650,https://static.wikia.nocookie.net/hypixel-skyblock/images/0/0b/Icicle_Skin.png/revision/latest?cb=20201009040411,
144,reinforced,2020-10-04,0,2500,650,https://static.wikia.nocookie.net/hypixel-skyblock/images/2/25/Reinforced_Skin.png/revision/latest?cb=20201006033839,
145,watcher_guardian,2020-10-01,0,1000,650,https://static.wikia.nocookie.net/hypixel-skyblock/images/3/3c/Watcher_Guardian_Skin.png/revision/latest?cb=20201002025817,
146,puppy,2020-09-26,0,2000,650,https://static.wikia.nocookie.net/hypixel-skyblock/images/6/63/Puppy_Skin.png/revision/latest?cb=20200926014241,
147,cool_rock,2020-09-23,0,600,650,https://static.wikia.nocookie.net/hypixel-skyblock/images/6/62/Cool_Rock_Skin.png/revision/latest?cb=20200922210032,
148,derpy_rock,2020-09-23,0,300,650,https://static.wikia.nocookie.net/hypixel-skyblock/images/6/6f/Derpy_Rock_Skin.png/revision/latest?cb=20200922192809,
149,embarrassed_rock,2020-09-23,0,300,650,https://static.wikia.nocookie.net/hypixel-skyblock/images/2/21/Embarrassed_Rock_Skin.png/revision/latest?cb=20200922192823,
150,smiling_rock,2020-09-23,0,300,650,https://static.wikia.nocookie.net/hypixel-skyblock/images/6/69/Smiling_Rock_Skin.png/revision/latest?cb=20200922200233,
151,laughing_rock,2020-09-23,0,300,650,https://static.wikia.nocookie.net/hypixel-skyblock/images/d/dc/Laughing_Rock_Skin.png/revision/latest?cb=20200922200336,
152,thinking_rock,2020-09-23,0,300,650,https://static.wikia.nocookie.net/hypixel-skyblock/images/d/d0/Thinking_Rock_Skin.png/revision/latest?cb=20200922200444,
153,spirit,2020-09-19,0,1000,1350,https://static.wikia.nocookie.net/hypixel-skyblock/images/6/63/Spirit_Skin.png/revision/latest?cb=20200918140106,
154,puffer_fish,2020-09-15,0,2500,650,https://static.wikia.nocookie.net/hypixel-skyblock/images/b/bd/Puffer_Fish_Skin.png/revision/latest?cb=20200914075637,
155,pretty_rabbit,2020-09-12,0,1000,650,https://static.wikia.nocookie.net/hypixel-skyblock/images/9/98/Pretty_Rabbit_Skin.png/revision/latest?cb=20200912152036,
156,baby_superior,2020-09-11,0,2000,650,https://static.wikia.nocookie.net/hypixel-skyblock/images/1/1f/Baby_Skin_%28Superior%29.png/revision/latest?cb=20200912120518,
157,spooky_enderman,2020-09-08,0,2000,650,https://static.wikia.nocookie.net/hypixel-skyblock/images/3/3f/Spooky_Enderman_Skin.png/revision/latest?cb=20200908214603,
158,baby_seal_backpack,2022-12-24,0,5000,5000,https://static.wikia.nocookie.net/hypixel-skyblock/images/8/8e/Baby_Seal_Backpack_Skin.png/revision/latest?cb=20221224024713,
159,penguin_backpack,2022-12-24,0,5000,650,https://static.wikia.nocookie.net/hypixel-skyblock/images/4/43/Penguin_Backpack_Skin.png/revision/latest?cb=20221224024600,
160,reindeer_backpack,2022-12-24,0,5000,650,https://static.wikia.nocookie.net/hypixel-skyblock/images/f/f7/Reindeer_Backpack_Skin.png/revision/latest?cb=20221224024500,
161,reindrake_griffin,2022-12-24,0,5000,1350,https://static.wikia.nocookie.net/hypixel-skyblock/images/0/0a/Reindrake_Griffin_Skin.png/revision/latest?cb=20221224024342,
162,aurora_reindeer,2022-12-24,0,5000,1350,https://static.wikia.nocookie.net/hypixel-skyblock/images/8/8e/Aurora_Reindeer_Skin.png/revision/latest?cb=20221224024224,
163,celestial_maxor,2022-12-09,0,8000,8000,https://static.wikia.nocookie.net/hypixel-skyblock/images/6/6d/Celestial_Maxor_Skin.png/revision/latest?cb=20221209231351,
164,celestial_goldor,2022-12-09,0,8000,1350,https://static.wikia.nocookie.net/hypixel-skyblock/images/c/c5/Celestial_Goldor_Skin.png/revision/latest?cb=20221209231517,
165,celestial_necron,2022-12-09,0,8000,1350,https://static.wikia.nocookie.net/hypixel-skyblock/images/b/be/Celestial_Necron_Skin.png/revision/latest?cb=20221209231619,
166,celestial_storm,2022-12-09,0,8000,1350,https://static.wikia.nocookie.net/hypixel-skyblock/images/9/9d/Celestial_Storm_Skin.png/revision/latest?cb=20221209231717,
167,turkey_chicken,2022-11-24,0,5000,5000,https://static.wikia.nocookie.net/hypixel-skyblock/images/4/43/Turkey_Chicken_Skin.png/revision/latest?cb=20221123172421,
168,neon_tiger,2022-11-04,0,8000,8000,https://static.wikia.nocookie.net/hypixel-skyblock/images/a/a4/Neon_Tiger_Skin.png/revision/latest?cb=20221104161051,
169,ice_golem_snowman,2022-10-21,91500000,7500,7500,https://static.wikia.nocookie.net/hypixel-skyblock/images/d/d2/Ice_Golem_Snowman_Skin.png/revision/latest?cb=20221020220752,
170,moocelium_mooshroom_cow,2022-10-21,380000000,7500,7500,https://static.wikia.nocookie.net/hypixel-skyblock/images/d/d8/Moocelium_Mooshroom_Cow_Skin.png/revision/latest?cb=20221020220621,
171,chroma_sheep,2022-10-07,290000000,7500,7500,https://static.wikia.nocookie.net/hypixel-skyblock/images/1/18/Chroma_Sheep_Skin.png/revision/latest?cb=20221006154225,
172,white_wooly_sheep,2022-10-07,125000000,5000,650,https://static.wikia.nocookie.net/hypixel-skyblock/images/7/73/White_Wooly_Sheep_Skin.png/revision/latest?cb=20221006154216,
173,black_wooly_sheep,2022-10-07,215000000,5000,650,https://static.wikia.nocookie.net/hypixel-skyblock/images/9/99/Black_Wooly_Sheep_Skin.png/revision/latest?cb=20221006154206,
174,anubis_golden_dragon,2022-09-23,0,10000,10000,https://static.wikia.nocookie.net/hypixel-skyblock/images/a/ab/Anubis_Golden_Dragon_Skin.png/revision/latest?cb=20220922204752,
175,luminescent_jellyfish,2022-09-09,0,7500,7500,https://static.wikia.nocookie.net/hypixel-skyblock/images/9/95/Luminescent_Jellyfish_Skin.png/revision/latest?cb=20220907210623,
176,rgb_bee,2022-08-26,0,8000,8000,https://static.wikia.nocookie.net/hypixel-skyblock/images/5/5b/RGBee_Bee_Skin.gif/revision/latest?cb=20221004210733,
177,undead_ender_dragon,2022-07-22,0,7500,7500,https://static.wikia.nocookie.net/hypixel-skyblock/images/2/2c/Undead_Ender_Dragon_Skin.png/revision/latest?cb=20221004112058,
178,baby_megalodon,2022-07-07,0,6000,6000,https://static.wikia.nocookie.net/hypixel-skyblock/images/b/be/Baby_Megalodon_Skin.png/revision/latest?cb=20221004085025,
179,inferno_bal,2022-06-24,0,9000,9000,https://static.wikia.nocookie.net/hypixel-skyblock/images/b/b0/Inferno_Bal_Skin.png/revision/latest?cb=20221004100500,
180,neon_enderman,2022-06-09,0,7500,7500,https://static.wikia.nocookie.net/hypixel-skyblock/images/2/27/Neon_Enderman_Skin.png/revision/latest?cb=20221004103035,
181,true_warden,2022-05-27,0,7500,7500,https://static.wikia.nocookie.net/hypixel-skyblock/images/6/62/True_Warden_Skin.png/revision/latest?cb=20221004112024,
182,loyalty_kuudra,2022-05-13,0,5000,5000,https://static.wikia.nocookie.net/hypixel-skyblock/images/9/96/Loyalty_Kuudra_Skin_%28Barbarian%29.png/revision/latest?cb=20221004101713,
183,handsome_jerry,2022-04-01,0,10000,10000,https://static.wikia.nocookie.net/hypixel-skyblock/images/2/24/Handsome_Jerry_Skin.png/revision/latest?cb=20221004095745,
184,enchanted_armadillo,2022-02-16,0,10000,10000,https://static.wikia.nocookie.net/hypixel-skyblock/images/d/de/Enchanted_Armadillo_Skin.gif/revision/latest?cb=20220215030603,
185,seafoam_armadillo,2022-02-16,0,10000,1350,https://static.wikia.nocookie.net/hypixel-skyblock/images/1/1d/Seafoam_Armadillo_Skin.gif/revision/latest?cb=20220216024301,
186,golden_tiger,2022-01-30,0,15000,15000,https://static.wikia.nocookie.net/hypixel-skyblock/images/d/d2/Golden_Tiger_Skin.png/revision/latest?cb=20221004095411,
187,snubfin_dolphin,2022-01-18,0,15000,15000,https://static.wikia.nocookie.net/hypixel-skyblock/images/3/35/Snubfin_Dolphin_Skin.gif/revision/latest?cb=20220119033049,
188,green_snubfin_dolphin,2022-01-18,0,5000,650,https://static.wikia.nocookie.net/hypixel-skyblock/images/9/99/Green_Snubfin_Dolphin_Skin.png/revision/latest?cb=20221004095644,
189,red_snubfin_dolphin,2022-01-18,0,5000,650,https://static.wikia.nocookie.net/hypixel-skyblock/images/8/84/Red_Snubfin_Dolphin_Skin.png/revision/latest?cb=20221004105058,
190,purple_snubfin_dolphin,2022-01-18,0,5000,650,https://static.wikia.nocookie.net/hypixel-skyblock/images/a/ae/Purple_Snubfin_Dolphin_Skin.png/revision/latest?cb=20221004104437,
191,plushie_reindeer,2023-12-30,0,5000,5000,https://static.wikia.nocookie.net/hypixel-skyblock/images/3/36/Plushie_Reindeer_Skin.png/revision/latest?cb=20231228224326,
192,magic_cube_power_orb,2023-12-30,0,8000,1350,https://static.wikia.nocookie.net/hypixel-skyblock/images/e/ef/Magic_Cube_Power_Orb_Skin.png/revision/latest?cb=20231228223917,
193,plushie_snowman,2023-12-30,0,3000,650,https://static.wikia.nocookie.net/hypixel-skyblock/images/a/a3/Plushie_Snowman_Skin.png/revision/latest?cb=20231228224549,
194,plushie_baby_yeti,2023-12-30,0,5000,650,https://static.wikia.nocookie.net/hypixel-skyblock/images/e/e2/Plushie_Baby_Yeti_Skin.png/revision/latest?cb=20231228224737,
195,big_brain_zombie,2023-12-23,0,3000,3000,https://static.wikia.nocookie.net/hypixel-skyblock/images/5/52/Big_Brain_Zombie_Skin.png/revision/latest?cb=20231221204038,
196,sentinel_warden,2023-12-23,0,15000,1800,https://static.wikia.nocookie.net/hypixel-skyblock/images/9/95/Sentinel_Warden_Skin.png/revision/latest?cb=20231221204445,
197,brain_freeze_zombie,2023-12-23,0,2000,650,https://static.wikia.nocookie.net/hypixel-skyblock/images/1/19/Brain_Freeze_Zombie_Skin.png/revision/latest?cb=20231221204540,
198,sentinel_zombie,2023-12-23,0,2000,650,https://static.wikia.nocookie.net/hypixel-skyblock/images/9/96/Sentinel_Zombie_Skin.png/revision/latest?cb=20231221205136,
199,doge_wolf,2023-12-16,0,5000,650,https://static.wikia.nocookie.net/hypixel-skyblock/images/3/3a/Doge_Wolf_Skin.png/revision/latest?cb=20231214174438,
200,space_kitty_black_cat,2023-12-16,0,5000,650,https://static.wikia.nocookie.net/hypixel-skyblock/images/9/99/Space_Kitty_Black_Cat_Skin.png/revision/latest?cb=20231214174626,
201,four_seasons_griffin,2023-12-09,0,10000,650,https://static.wikia.nocookie.net/hypixel-skyblock/images/d/d1/Four_Seasons_Griffin_Skin.png/revision/latest?cb=20231207202013,
202,violet_sea_slug,2023-12-02,0,2500,650,https://static.wikia.nocookie.net/hypixel-skyblock/images/a/a8/Violet_Sea_Slug_Skin.png/revision/latest?cb=20231130180647,
203,azure_sea_slug,2023-12-02,0,2500,650,https://static.wikia.nocookie.net/hypixel-skyblock/images/5/59/Azure_Sea_Slug_Skin.png/revision/latest?cb=20231130180757,
204,rainbow_snail,2023-12-02,0,3000,1350,https://static.wikia.nocookie.net/hypixel-skyblock/images/d/df/Rainbow_Snail_Skin.png/revision/latest?cb=20231130180941,
205,leaf_sheep_sea_slug,2023-12-02,0,2500,650,https://static.wikia.nocookie.net/hypixel-skyblock/images/5/5b/Leaf_Sheep_Sea_Slug_Skin.png/revision/latest?cb=20231130181135,
206,rubber_chicken_chicken,2023-11-25,0,1000,650,https://static.wikia.nocookie.net/hypixel-skyblock/images/7/75/Rubber_Chicken_Chicken_Skin.png/revision/latest?cb=20231124192924,
207,blue_moon_enderman,2023-11-25,0,4000,650,https://static.wikia.nocookie.net/hypixel-skyblock/images/0/09/Blue_Moon_Enderman_Skin.png/revision/latest?cb=20231124193156,
208,nebula_enderman,2023-11-25,0,4000,1350,https://static.wikia.nocookie.net/hypixel-skyblock/images/d/d3/Nebula_Enderman_Skin.png/revision/latest?cb=20231124193256,
209,sun_enderman,2023-11-25,0,4000,1350,https://static.wikia.nocookie.net/hypixel-skyblock/images/9/9d/Sun_Enderman_Skin.png/revision/latest?cb=20231124193357,
210,pirate_rat,2023-11-18,0,1500,650,https://static.wikia.nocookie.net/hypixel-skyblock/images/d/d2/PiRate_Rat_Skin.png/revision/latest?cb=20231116204357,
211,junk_rat,2023-11-18,0,1500,650,https://static.wikia.nocookie.net/hypixel-skyblock/images/7/7d/Junk_Rat_Skin.png/revision/latest?cb=20231116204804,
212,securaty_guard_rat,2023-11-18,0,1500,650,https://static.wikia.nocookie.net/hypixel-skyblock/images/f/fe/SecuRaty_Guard_Rat_Skin.png/revision/latest?cb=20231116205152,
213,ninja_rat,2023-11-18,0,1500,650,https://static.wikia.nocookie.net/hypixel-skyblock/images/5/57/Ninja_Rat_Skin.png/revision/latest?cb=20231116205553,
214,secrat_service_rat,2023-11-18,0,1500,650,https://static.wikia.nocookie.net/hypixel-skyblock/images/8/8b/SecRat_Service_Rat_Skin.png/revision/latest?cb=20231116210052,
215,ratstronaut_rat,2023-11-18,0,1500,650,https://static.wikia.nocookie.net/hypixel-skyblock/images/8/8a/Rat-stronaut_Rat_Skin.png/revision/latest?cb=20231116210407,
216,karate_rat,2023-11-18,0,1500,650,https://static.wikia.nocookie.net/hypixel-skyblock/images/a/a7/KaRate_Rat_Skin.png/revision/latest?cb=20231116210741,
217,mr_claws_rat,2023-11-18,0,1500,650,https://static.wikia.nocookie.net/hypixel-skyblock/images/c/ce/Mr_Claws_Rat_Skin.png/revision/latest?cb=20231116211109,
218,squeakheart_rat,2023-11-18,0,1500,650,https://static.wikia.nocookie.net/hypixel-skyblock/images/2/24/Squeakheart_Rat_Skin.png/revision/latest?cb=20231116211428,
219,gym_rat_rat,2023-11-18,0,1500,650,https://static.wikia.nocookie.net/hypixel-skyblock/images/2/21/Gym_Rat_Skin.png/revision/latest?cb=20231116211802,
220,caduceus_mender,2023-11-11,0,6000,650,https://static.wikia.nocookie.net/hypixel-skyblock/images/b/bd/Caduceus_Mender_Skin.png/revision/latest?cb=20231109191014,
221,candy_bat,2023-10-28,0,3000,650,https://static.wikia.nocookie.net/hypixel-skyblock/images/3/38/Candy_Bat_Skin.png/revision/latest?cb=20231026215752,
222,bone_bat,2023-10-28,0,3000,650,https://static.wikia.nocookie.net/hypixel-skyblock/images/1/17/Bone_Bat_Skin.png/revision/latest?cb=20231026215906,
223,redback,2023-10-21,0,6000,650,https://static.wikia.nocookie.net/hypixel-skyblock/images/9/92/Redback_Skin.png/revision/latest?cb=20231020180321,
224,husky_wolf,2023-10-14,0,9000,650,https://static.wikia.nocookie.net/hypixel-skyblock/images/a/a6/Husky_Wolf_Skin.png/revision/latest?cb=20231013220642,
225,ender_knight,2023-10-07,0,8000,650,https://static.wikia.nocookie.net/hypixel-skyblock/images/f/f3/Ender_Knight_Skin.png/revision/latest?cb=20231005165252,
226,midnight_baby_yeti,2023-09-30,0,7000,650,https://static.wikia.nocookie.net/hypixel-skyblock/images/b/b0/Midnight_Baby_Yeti_Skin.png/revision/latest?cb=20230929215508,
227,light_sasquatch_baby_yeti,2023-09-30,0,5000,650,https://static.wikia.nocookie.net/hypixel-skyblock/images/e/e7/Light_Sasquatch_Baby_Yeti_Skin.png/revision/latest?cb=20230929215649,
228,dark_sasquatch_baby_yeti,2023-09-30,0,5000,650,https://static.wikia.nocookie.net/hypixel-skyblock/images/b/b1/Dark_Sasquatch_Baby_Yeti_Skin.png/revision/latest?cb=20230929215831,
229,gemstone_divan_helmet,2023-09-23,0,10000,650,https://static.wikia.nocookie.net/hypixel-skyblock/images/f/fb/Gemstone_Divan_Helmet_Skin.png/revision/latest?cb=20230922181911,
230,meteor_magma_lord_helmet,2023-09-16,0,8000,650,https://static.wikia.nocookie.net/hypixel-skyblock/images/f/fb/Meteor_Magma_Lord_Helmet_Skin.png/revision/latest?cb=20230915153338,
231,jester_bonzos_mask,2023-09-09,0,7000,650,https://static.wikia.nocookie.net/hypixel-skyblock/images/2/2e/Jester_Bonzo%27s_Mask_Skin.png/revision/latest?cb=20230908132848,
232,golden_ancient_turtle,2023-09-03,0,15000,650,https://static.wikia.nocookie.net/hypixel-skyblock/images/4/41/Golden_Ancient_Turtle_Skin.png/revision/latest?cb=20230903125504,
233,golden_turtle_egg_power_orb,2023-09-03,0,15000,1350,https://static.wikia.nocookie.net/hypixel-skyblock/images/4/49/Golden_Turtle_Egg_Power_Orb_Skin.png/revision/latest?cb=20230903125704,
234,oni_reaper_mask,2023-08-26,0,9000,650,https://static.wikia.nocookie.net/hypixel-skyblock/images/7/76/Oni_Reaper_Mask_Skin.png/revision/latest?cb=20230825180502,
235,red_oni_reaper_mask,2023-08-26,0,9000,650,https://static.wikia.nocookie.net/hypixel-skyblock/images/7/7c/Red_Oni_Reaper_Mask_Skin.png/revision/latest?cb=20230825180844,
236,blue_oni_reaper_mask,2023-08-26,0,9000,650,https://static.wikia.nocookie.net/hypixel-skyblock/images/b/bc/Blue_Oni_Reaper_Mask_Skin.png/revision/latest?cb=20230825180952,
237,bloom,2023-08-20,0,12500,650,https://static.wikia.nocookie.net/hypixel-skyblock/images/3/34/Bloom_Skin.png/revision/latest?cb=20230819030659,
238,leaf,2023-08-20,0,12500,650,https://static.wikia.nocookie.net/hypixel-skyblock/images/1/19/Leaf_Skin.png/revision/latest?cb=20230819030609,
239,mushroom_barn,2023-08-13,0,8000,650,https://static.wikia.nocookie.net/hypixel-skyblock/images/e/e1/Red_Mushroom.png/revision/latest?cb=20191013183907,
240,dragon_egg_backpack,2023-07-29,0,10000,650,https://static.wikia.nocookie.net/hypixel-skyblock/images/a/ab/Dragon_Egg_Backpack_Skin.png/revision/latest?cb=20230729054858,
241,baby_blue_ender_dragon,2023-07-29,0,10000,650,https://static.wikia.nocookie.net/hypixel-skyblock/images/2/20/Baby_Blue_Ender_Dragon_Skin.png/revision/latest?cb=20230729055003,
242,baby_ender_dragon,2023-07-29,0,10000,1350,https://static.wikia.nocookie.net/hypixel-skyblock/images/b/b0/Baby_Ender_Dragon_Skin.png/revision/latest?cb=20230729055114,
243,buccaneer_parrot,2023-07-15,0,10000,650,https://static.wikia.nocookie.net/hypixel-skyblock/images/4/42/Buccaneer_Parrot_Skin.png/revision/latest?cb=20230714184440,
244,pirate_bomb_power_orb,2023-07-15,0,10000,1350,https://static.wikia.nocookie.net/hypixel-skyblock/images/9/91/Pirate_Bomb_Power_Orb_Skin.png/revision/latest?cb=20230714184556,
245,lemur_monkey,2023-06-19,0,8500,650,https://static.wikia.nocookie.net/hypixel-skyblock/images/6/63/Lemur_Monkey_Skin.png/revision/latest?cb=20230619000019,
246,cosmic_blue_whale,2023-06-02,0,9000,650,https://static.wikia.nocookie.net/hypixel-skyblock/images/3/39/Cosmic_Blue_Whale_Skin.png/revision/latest?cb=20230601200909,
247,pinwheel_house_barn,2023-05-19,0,7000,650,https://static.wikia.nocookie.net/hypixel-skyblock/images/0/0f/Oak_Wood_Planks.png/revision/latest?cb=20210615214013,
248,sly_fox,2023-05-06,0,6500,650,https://static.wikia.nocookie.net/hypixel-skyblock/images/a/ad/Sly_Fox_Skin.png/revision/latest?cb=20230506053625,
249,magma_ammonite,2023-04-21,0,7000,650,https://static.wikia.nocookie.net/hypixel-skyblock/images/9/9a/Magma_Ammonite_Skin.png/revision/latest?cb=20230420195736,
250,natural_ammonite,2023-04-21,0,7000,650,https://static.wikia.nocookie.net/hypixel-skyblock/images/0/0a/Natural_Ammonite_Skin.png/revision/latest?cb=20230420195505,
251,jerry_barn,2023-03-31,0,8000,650,https://static.wikia.nocookie.net/hypixel-skyblock/images/b/b9/Jerry_Head.png/revision/latest?cb=20221004100918,
252,glistening_melon_power_orb,2023-03-10,0,0,1350,https://static.wikia.nocookie.net/hypixel-skyblock/images/5/53/Glistening_Melon_Power_Orb_Skin.png/revision/latest?cb=20230310162553,
253,golden_apple_power_orb,2023-03-10,0,0,1350,https://static.wikia.nocookie.net/hypixel-skyblock/images/f/f2/Golden_Apple_Power_Orb_Skin.png/revision/latest?cb=20230310163246,
254,glowing_grape_power_orb,2023-03-10,0,0,1350,https://static.wikia.nocookie.net/hypixel-skyblock/images/f/f4/Glowing_Grape_Power_Orb_Skin.png/revision/latest?cb=20230310164321,
255,frog_barn,2023-02-24,0,0,650,https://static.wikia.nocookie.net/hypixel-skyblock/images/2/26/Frog_Barn_Skin.png/revision/latest?cb=20230223194100,
256,albino_scatha,2023-02-10,0,8000,650,https://static.wikia.nocookie.net/hypixel-skyblock/images/a/a4/Albino_Scatha_Skin.png/revision/latest?cb=20230210075204,
257,golden_scatha,2023-02-10,0,8000,1350,https://static.wikia.nocookie.net/hypixel-skyblock/images/5/5c/Golden_Scatha_Skin.png/revision/latest?cb=20230210075104,
258,dark_scatha,2023-02-10,0,8000,1350,https://static.wikia.nocookie.net/hypixel-skyblock/images/b/be/Dark_Scatha_Skin.png/revision/latest?cb=20230210074952,
259,lunar_rabbit_hat,2023-01-22,0,8000,650,https://static.wikia.nocookie.net/hypixel-skyblock/images/b/b9/Lunar_Rabbit_Hat_Skin.png/revision/latest?cb=20230121153700,
260,lunar_rabbit,2023-01-22,0,8000,1350,https://static.wikia.nocookie.net/hypixel-skyblock/images/c/c9/Lunar_Rabbit_Skin.png/revision/latest?cb=20230121153556,
261,cyberpunk_wither_goggles,2023-01-13,0,10000,650,https://static.wikia.nocookie.net/hypixel-skyblock/images/7/7c/Cyberpunk_Wither_Goggles_Skin.png/revision/latest?cb=20230112201942,
262,celestial_wither_goggles,2023-01-13,0,10000,1350,https://static.wikia.nocookie.net/hypixel-skyblock/images/9/94/Celestial_Wither_Goggles_Skin.png/revision/latest?cb=20230112201820,
263,armaron_armadillo,2024-10-02,0,10000,1350,https://static.wikia.nocookie.net/hypixel-skyblock/images/0/08/Armaron_Armadillo_Skin.png/revision/latest?cb=20240926162715,
264,corrupt_eye_guardian,2024-08-01,0,0,0,https://static.wikia.nocookie.net/hypixel-skyblock/images/f/f5/Corrupt_Eye_Guardian_Skin.png/revision/latest?cb=20241001170032,
265,pearl_skeleton,2024-09-21,0,0,950,https://static.wikia.nocookie.net/hypixel-skyblock/images/6/63/Pearl_Skeleton_Skin.png/revision/latest?cb=20240921161509,
266,ghoulfriend_ghoul,2024-09-21,0,0,650,https://static.wikia.nocookie.net/hypixel-skyblock/images/d/de/Ghoulfriend_Ghoul_Skin.png/revision/latest?cb=20240921161759,
267,crow_parrot,2024-09-21,0,0,650,https://static.wikia.nocookie.net/hypixel-skyblock/images/5/50/Crow_Parrot_Skin.png/revision/latest?cb=20240921162102,
268,mystic_moon_power_orb,2024-09-21,0,0,1350,https://wiki.hypixel.net/images/4/42/SkyBlock_items_mystic_moon_flux.gif,
269,royal_skin,2024-09-21,0,0,650,https://wiki.hypixel.net/images/9/96/SkyBlock_items_glossy_mineral_helmet_royal.png,
270,super_pumpkin_rune,2024-09-21,0,0,950,https://wiki.hypixel.net/images/f/fa/SkyBlock_items_rune_super_pumpkin.png,
271,beautifall_cabin,2024-09-21,0,0,650,https://wiki.hypixel.net/images/3/38/SkyBlock_items_beautifall_cabin_barn_skin.png,
272,cat_o_lantern,2024-09-21,0,0,350,https://wiki.hypixel.net/images/3/36/SkyBlock_items_backpack_cat_o_lantern.png,
273,rainy_day_rune,2024-06-27,0,0,950,https://wiki.hypixel.net/images/8/87/SkyBlock_items_rune_rainy_day.png,
274,beach_ball_power_orb,2024-06-27,0,0,1350,https://wiki.hypixel.net/images/7/78/SkyBlock_items_beach_ball_flux.gif,
275,smoldering_ember,2024-06-27,0,0,1350,https://wiki.hypixel.net/images/8/85/SkyBlock_items_rekindled_ember_burning.gif,
276,beach_ball_barn,2024-06-27,0,0,650,https://wiki.hypixel.net/images/f/f6/SkyBlock_items_beach_ball_barn_skin.png,
277,plushie_blaze,2024-06-27,0,0,650,https://wiki.hypixel.net/images/a/a5/SkyBlock_items_pet_skin_blaze_plushie.png,
278,doge_plushie_wolf,2024-06-27,0,0,650,https://wiki.hypixel.net/images/e/e0/SkyBlock_items_pet_skin_wolf_doge_plushie.png,
279,plushie_blue_whale,2024-06-27,0,0,650,https://wiki.hypixel.net/images/0/0b/SkyBlock_items_pet_skin_blue_whale_plushie.png,
280,hambagger_backpack,2024-06-27,0,0,350,https://wiki.hypixel.net/images/f/f8/SkyBlock_items_hambagger_backpack.png,
281,cherry_blossom_power_orb,2024-04-01,0,0,1350,https://wiki.hypixel.net/images/a/a9/SkyBlock_items_cherry_blossom_flux.gif,
282,baby_hydra,2024-04-01,0,0,650,https://wiki.hypixel.net/images/7/7c/SkyBlock_items_water_hydra_baby.png,
283,king_jerry,2024-04-01,0,0,650,https://wiki.hypixel.net/images/b/b3/SkyBlock_items_pet_skin_jerry_king.png,
284,peafowl_griffin,2024-04-01,0,0,650,https://wiki.hypixel.net/images/2/26/SkyBlock_items_pet_skin_griffin_peafowl.png,
285,flaming_phoenix,2024-04-01,0,0,650,https://wiki.hypixel.net/images/f/ff/SkyBlock_items_pet_skin_pheonix_flamingo.png,
286,toucan_parrot,2024-04-01,0,0,650,https://wiki.hypixel.net/images/3/37/SkyBlock_items_pet_skin_parrot_toucan.png,
287,awakened_eye_backpack,2024-04-01,0,0,350,https://wiki.hypixel.net/images/4/40/SkyBlock_items_awakened_eye_backpack.png,
288,enchanted_nook_barn,2024-04-01,0,0,650,https://wiki.hypixel.net/images/a/a8/Minecraft_items_purple_stained_glass.png,
289,smitten_rune,2024-02-14,0,0,950,https://wiki.hypixel.net/images/4/45/SkyBlock_items_rune_smitten.png,
290,chromatic_crush_sheep,2024-02-14,0,0,1350,https://wiki.hypixel.net/images/3/3b/SkyBlock_items_pet_skin_sheep_black_chromatic_crush.gif,
291,purple_crushed_sheep,2024-02-14,0,0,650,https://wiki.hypixel.net/images/b/b4/SkyBlock_items_pet_skin_sheep_purple_crushed.png,
292,blue_crush_sheep,2024-02-14,0,0,650,https://wiki.hypixel.net/images/5/5d/SkyBlock_items_pet_skin_sheep_blue_crush.png,
293,pink_crush_sheep,2024-02-14,0,0,650,https://wiki.hypixel.net/images/6/61/SkyBlock_items_pet_skin_sheep_pink_crush.png,
294,heart_lion,2024-02-14,0,0,650,https://wiki.hypixel.net/images/6/61/SkyBlock_items_pet_skin_lion_heart.png,
295,lunar_ender_dragon,2024-02-14,0,0,650,https://wiki.hypixel.net/images/d/d4/SkyBlock_items_pet_skin_ender_dragon_lunar.png,
296,lunar_snake_scatha,2024-02-14,0,0,650,https://wiki.hypixel.net/images/9/95/SkyBlock_items_pet_skin_scatha_lunar_snake.png,
297,lunar_goat_sheep,2024-02-14,0,0,650,https://wiki.hypixel.net/images/f/fd/SkyBlock_items_pet_skin_sheep_lunar_goat.png,
298,lunar_tiger,2024-02-14,0,0,650,https://wiki.hypixel.net/images/6/69/SkyBlock_items_pet_skin_tiger_lunar.png,
299,lunar_rat,2024-02-14,0,0,650,https://wiki.hypixel.net/images/2/26/SkyBlock_items_pet_skin_rat_lunar.png,
300,lunar_baby_rabbit,2024-02-14,0,0,650,https://wiki.hypixel.net/images/c/c2/SkyBlock_items_pet_skin_rabbit_lunar_baby.png,
301,lunar_pig_pigman,2024-02-14,0,0,650,https://wiki.hypixel.net/images/1/18/SkyBlock_items_pet_skin_pigman_lunar_pig.png,
302,lunar_ox_mooshroom_cow,2024-02-14,0,0,650,https://wiki.hypixel.net/images/8/82/SkyBlock_items_pet_skin_mooshroom_cow_lunar_ox.png,
303,lunar_monkey,2024-02-14,0,0,650,https://wiki.hypixel.net/images/1/1d/SkyBlock_items_pet_skin_monkey_lunar.png,
304,lunar_dog_hound,2024-02-14,0,0,650,https://wiki.hypixel.net/images/0/0d/SkyBlock_items_pet_skin_hound_lunar.png,
305,lunar_sea_horse_dolphin,2024-02-14,0,0,650,https://wiki.hypixel.net/images/1/1c/SkyBlock_items_pet_skin_dolphin_lunar_horse.png,
306,lunar_rooster_chicken,2024-02-14,0,0,650,https://wiki.hypixel.net/images/a/a0/SkyBlock_items_pet_skin_chicken_lunar_rooster.png,
307,ice_skates_rune,2024-12-12,0,0,350,https://wiki.hypixel.net/images/0/0d/SkyBlock_items_rune_ice_skates.png,
308,polar_lights_power_orb,2024-12-12,0,0,1350,https://wiki.hypixel.net/images/2/2f/SkyBlock_items_polar_lights_flux.gif,
309,frozen_jerry,2024-12-12,0,0,650,https://wiki.hypixel.net/images/e/e2/SkyBlock_items_pet_skin_jerry_frozen.png,
310,snow_owl,2024-12-12,0,0,650,https://wiki.hypixel.net/images/d/d7/SkyBlock_items_pet_skin_snow_owl.png,
311,iceberg,2024-12-12,0,0,650,https://wiki.hypixel.net/images/a/ab/SkyBlock_items_frozen_blaze_iceberg.png,
312,christmas_stocking_backpack,2024-12-12,0,0,350,https://wiki.hypixel.net/images/3/3c/SkyBlock_items_christmas_stocking_backpack.png,
313,bag_of_coal_backpack,2024-12-12,0,0,350,https://wiki.hypixel.net/images/1/1a/SkyBlock_items_bag_of_coal_backpack.png,
314,town_hall_barn,2024-12-12,0,0,1350,https://wiki.hypixel.net/images/1/1d/Minecraft_items_gold_block.png,
315,winter_homestead_barn,2024-12-12,0,0,650,https://wiki.hypixel.net/images/b/bc/Minecraft_items_packed_ice.png,
